patient_id,therapy_code,sessions_required
P001,OT,2
P001,PT,3
P001,MA,2
P001,ST,3
P002,GG,6
P002,PT,4
P002,OT,6
P002,MA,5
P003,MA,3
P003,PT,5
P004,MA,2
P004,GG,4
P004,AT,3
P005,ST,3
P005,OT,3
P005,PT,3
P006,OT,2
P006,GG,3
P006,PT,3
P007,OT,3
P007,PT,2
P007,MA,2
P007,ST,2
P008,MA,2
P008,OT,3
P008,GG,2
P008,PT,2
P009,OT,2
P009,MA,3
P009,PT,4
P010,MA,4
P010,OT,4
P010,PT,2
P010,GG,4
P011,MA,2
P011,AT,4
P011,PT,3
P012,PT,6
P012,GG,6
P012,AT,6
P013,GG,6
P013,MA,4
P013,OT,5
P014,MA,5
P014,GG,5
P014,PT,3
P014,OT,3
P015,PT,5
P015,MA,4
P016,OT,2
P016,GG,2
P017,OT,4
P017,PT,7
P018,AT,5
P018,GG,6
P018,PT,6
P019,PT,4
P019,AT,4
P019,MA,4
P019,GG,5
P020,OT,3
P020,MA,5
P021,PT,3
P021,MA,3
P021,GG,3
P022,MA,3
P022,GG,2
P023,PT,6
P023,ST,4
P023,MA,4
P023,OT,7
P024,PT,4
P024,MA,4
P024,GG,5
P024,AT,4
P025,PT,3
P025,GG,4
P026,OT,4
P026,GG,4
P026,PT,4
P026,MA,3
P027,GG,2
P027,MA,3
P028,OT,4
P028,PT,4
P028,ST,4
P028,MA,7
P029,GG,2
P029,PT,2
P029,OT,2
P030,MA,5
P030,OT,4
P030,PT,5
P030,GG,4
P031,GG,4
P031,OT,4
P031,MA,5
P031,PT,5
P032,OT,4
P032,PT,2
P032,ST,4
P032,MA,2
P033,OT,4
P033,PT,4
P034,MA,5
P034,OT,5
P035,MA,2
P035,PT,2
P035,ST,3
P036,PT,5
P036,OT,5
P036,MA,4
P037,PT,3
P037,GG,5
P037,MA,3
P037,OT,3
P038,OT,2
P038,ST,4
P038,MA,4
P039,OT,2
P039,MA,3
P039,GG,2
P039,PT,2
P040,MA,2
P040,PT,4
